"Address1","Address2","Address3","Address4","City","Country","County","PostalCode","Province","State","ActualContentSource","AddrElementAttribute1","AddrElementAttribute2","AddrElementAttribute3","AddrElementAttribute4","AddrElementAttribute5","AddressEffectiveDate","AddressExpirationDate","AddressLinesPhonetic","AddressStyle","Attribute1","Attribute10","Attribute11","Attribute12","Attribute13","Attribute14","Attribute15","Attribute16","Attribute17","Attribute18","Attribute19","Attribute2","Attribute20","Attribute21","Attribute22","Attribute23","Attribute24","Attribute25","Attribute26","Attribute27","Attribute28","Attribute29","Attribute3","Attribute30","Attribute4","Attribute5","Attribute6","Attribute7","Attribute8","Attribute9","AttributeCategory","AttributeDate1","AttributeDate10","AttributeDate11","AttributeDate12","AttributeDate2","AttributeDate3","AttributeDate4","AttributeDate5","AttributeDate6","AttributeDate7","AttributeDate8","AttributeDate9","AttributeNumber1","AttributeNumber10","AttributeNumber11","AttributeNumber12","AttributeNumber2","AttributeNumber3","AttributeNumber4","AttributeNumber5","AttributeNumber6","AttributeNumber7","AttributeNumber8","AttributeNumber9","Building","CalculateFormattedAddress","ClliCode","Comments","CreatedBy","CreatedByModule","CreationDate","DateValidated","Description","DoNotValidateFlag","EffectiveDate","FaLocationId","FloorNumber","FormattedAddress","FormattedMultilineAddress","GeometryStatusCode","HouseType","InternalFlag","JobDefinitionName","JobDefinitionPackage","Language","LastUpdateDate","LastUpdateLogin","LastUpdatedBy","LocationDirections","OrigSystem","OrigSystemReference","Position","PostalPlus4Code","RequestId","SalesTaxGeocode","SalesTaxInsideCityLimits","ShortDescription","StatusFlag","TimezoneCode","UpdateAddressProfileValue","UsageCode","ValidatedFlag","ValidationStatusCode","LeFormattedAddress"
"V parku 2308/8","","","","149 00 Praha 4-Chodov","CZ","","14800","","","USER_ENTERED","","","","","","","","","POSTAL_ADDR_DEF","","","","","","","","","","","","","","","","","","","","","","","","","","","","","","","","","","","","","","","","","","","","","","","","","","","","","","","","","","","","BETTY.ANDERSON","XLE_CREATE_LE","2016/04/16 09:11:30.001","","","","2024/02/12","","","V parku 2308/8,149 00 PRAHA 4-CHODOV 14800,CZECH REPUBLIC","V parku 2308/8<BR>149 00 PRAHA 4-CHODOV 14800<BR>CZECH REPUBLIC","DIRTY","","Y","","","","2016/04/16 09:12:04.894","30933E0769576FE9E053790B548C4129","BETTY.ANDERSON","","","300000124170406","","","","","1","","A","","","","N","","V parku 2308/8/149 00 PRAHA 4-CHODOV 14800/CZECH REPUBLIC"
"?.????????? 265","","","","??? ?????? ","GR","","15451","","","USER_ENTERED","","","","","","","","","POSTAL_ADDR_DEF","","","","","","","","","","","","","","","","","","","","","","","","","","","","","","","","","","","","","","","","","","","","","","","","","","","","","","","","","","","","BETTY.ANDERSON","XLE_CREATE_LE","2016/04/16 10:25:40.001","","","","2024/02/12","","","?.????????? 265,??? ??????  15451,GREECE","?.????????? 265<BR>??? ??????  15451<BR>GREECE","DIRTY","","Y","","","","2016/04/16 10:26:14.319","30933E0769576FE9E053790B548C4129","BETTY.ANDERSON","","","300000124170434","","","","","1","","A","","","","N","","?.????????? 265/??? ??????  15451/GREECE"
"10, Rue Zirout Youcef","","","","Algiers","DZ","","16000","","Algiers","USER_ENTERED","","","","","","","","","POSTAL_ADDR_DEF","","","","","","","","","","","","","","","","","","","","","","","","","","","","","","","","","","","","","","","","","","","","","","","","","","","","","","","","","","","","BETTY.ANDERSON","XLE_CREATE_LE","2016/04/16 10:46:06.001","","","","2024/02/12","","","10, Rue Zirout Youcef,ALGIERS ALGIERS 16000,ALGERIA","10, Rue Zirout Youcef<BR>ALGIERS ALGIERS 16000<BR>ALGERIA","DIRTY","","Y","","","","2016/04/16 10:46:30.549","30933E0769576FE9E053790B548C4129","BETTY.ANDERSON","","","300000124170463","","","","","1","","A","","","","N","","10, Rue Zirout Youcef/ALGIERS ALGIERS 16000/ALGERIA"
"35F, 66, Sec.1","Chung Hsiao W. Rd.","","","Zhongzheng District","TW","Taipei","10018","","","USER_ENTERED","","","","","","","","","POSTAL_ADDR_TW","","","","","","","","","","","","","","","","","","","","","","","","","","","","","","","","","","","","","","","","","","","","","","","","","","","","","","","","","","","","HCM_IMPL","XLE_CREATE_LE","2015/06/09 10:10:07.001","","","","2024/02/12","","","TW,Taipei,Zhongzheng District,10018,35F, 66, Sec.1,Chung Hsiao W. Rd.","TW<BR>Taipei<BR>Zhongzheng District<BR>10018<BR>35F, 66, Sec.1<BR>Chung Hsiao W. Rd.","DIRTY","","Y","","","","2015/06/09 10:11:29.523","1813E40BDFA44926E0536204548CAB39","HCM_IMPL","","","300000105445107","","","","","1","","A","Asia/Taipei","","","N","","TW/Taipei/Zhongzheng District/10018/35F, 66, Sec.1/Chung Hsiao W. Rd."
"7604 E Technology Way","","","","Denver","US","Denver","80237","","Colorado","USER_ENTERED","","","","","","","","","POSTAL_ADDR_US","","","","","","","","","","","","","","","","","","","","","","","","","","","","","","","","","","","","","","","","","","","","","","","","","","","","","","","","","","","","FIN_IMPL","XLE_CREATE_LE","2019/01/31 14:02:41.0","","","","2024/02/12","","","7604 E Technology Way,DENVER, COLORADO 80237 Denver","7604 E Technology Way<BR>DENVER, COLORADO 80237 Denver","DIRTY","","Y","","","","2020/04/15 17:38:47.0","A355031462273C65E053B090DF0A3048","FUSION_APPS_CRM_ESS_APPID","","","300000180008510","","","","","1","","A","America/Denver","","","N","","7604 E Technology Way/DENVER, COLORADO 80237 Denver"
"Delhi","","","","DELHI","IN","","110001","","Delhi","USER_ENTERED","","","","","","","","","POSTAL_ADDR_IN","","","","","","","","","","","","","","","","","","","","","","","","","","","","","","","","","","","","","","","","","","","","","","","","","","","","","","","","","","","","FIN_IMPL","XLE_CREATE_LE","2019/07/17 09:49:15.075","","","","2024/02/12","","","Delhi,DELHI-110001,Delhi,INDIA","Delhi<BR>DELHI-110001<BR>Delhi<BR>INDIA","DIRTY","","Y","","","","2019/07/17 09:50:08.917","8DDDBF1378A2ECFFE053C390DF0A7B5D","FIN_IMPL","","","300000185239575","","","","","1","","A","","","","N","","Delhi/DELHI-110001/Delhi/INDIA"
"Hilfikerstrasse 1","","","","Bern","CH","","3014","","","USER_ENTERED","","","","","","","","","POSTAL_ADDR_CH","","","","","","","","","","","","","","","","","","","","","","","","","","","","","","","","","","","","","","","","","","","","","","","","","","","","","","","","","","","","FIN_IMPL","XLE_CREATE_LE","2019/08/26 13:20:33.001","","","","2024/02/12","","","Hilfikerstrasse 1,3014 BERN,SWITZERLAND","Hilfikerstrasse 1<BR>3014 BERN<BR>SWITZERLAND","DIRTY","","Y","","","","2019/08/26 13:25:42.924","9103DAE005C49811E053C390DF0AFF90","FIN_IMPL","","","300000186344889","","","","","1","","A","Europe/Zurich","","","N","","Hilfikerstrasse 1/3014 BERN/SWITZERLAND"
"12300  Glade Drive","","","","Reston","US","Fairfax","20191","","VA","USER_ENTERED","","","","","","","","","POSTAL_ADDR_US","","","","","","","","","","","","","","","","","","","","","","","","","","","","","","","","","","","","","","","","","","","","","","","","","","","","","","","","","","","","BETTY.ANDERSON","XLE_CREATE_LE","2021/08/22 14:06:24.038","","","","2024/02/12","","","12300  Glade Drive,RESTON, VA 20191 Fairfax","12300  Glade Drive<BR>RESTON, VA 20191 Fairfax","DIRTY","","Y","","","","2022/01/11 18:24:01.0","D549E04A9120B619E0530364FD0AB550","FUSION_APPS_CRM_ESS_APPID","","","300000233136620","","","","","1","","A","America/New_York","","","N","","12300  Glade Drive/RESTON, VA 20191 Fairfax"
"1400 Defense Pentagon","","","","Washington","US","Dist of Columbia","20301","","DC","USER_ENTERED","","","","","","","","","POSTAL_ADDR_US","","","","","","","","","","","","","","","","","","","","","","","","","","","","","","","","","","","","","","","","","","","","","","","","","","","","","","","","","","","","CURTIS.FEITTY","XLE_CREATE_LE","2021/02/03 16:09:48.002","","","","2024/02/12","","","1400 Defense Pentagon,WASHINGTON, DC 20301 Dist of Columbia","1400 Defense Pentagon<BR>WASHINGTON, DC 20301 Dist of Columbia","DIRTY","","Y","","","","2021/02/08 16:39:51.0","BAD5E77B6B3EC81AE0539E90DF0A814F","FUSION_APPS_CRM_ESS_APPID","","","300000219228556","","","","","1","","A","","","","N","","1400 Defense Pentagon/WASHINGTON, DC 20301 Dist of Columbia"
"1400 Defense Pentagon","","","","Washington","US","Dist of Columbia","20301","","DC","USER_ENTERED","","","","","","","","","POSTAL_ADDR_US","","","","","","","","","","","","","","","","","","","","","","","","","","","","","","","","","","","","","","","","","","","","","","","","","","","","","","","","","","","","CURTIS.FEITTY","XLE_CREATE_LE","2021/02/03 16:13:07.047","","","","2024/02/12","","","1400 Defense Pentagon,WASHINGTON, DC 20301 Dist of Columbia","1400 Defense Pentagon<BR>WASHINGTON, DC 20301 Dist of Columbia","DIRTY","","Y","","","","2021/02/08 16:39:51.0","BAD5E77B6B3EC81AE0539E90DF0A814F","FUSION_APPS_CRM_ESS_APPID","","","300000219228557","","","","","1","","A","America/New_York","","","N","","1400 Defense Pentagon/WASHINGTON, DC 20301 Dist of Columbia"
"1401 Constitution Ave NW","","","","Washington","US","Dist of Columbia","20230","","DC","USER_ENTERED","","","","","","","","","POSTAL_ADDR_US","","","","","","","","","","","","","","","","","","","","","","","","","","","","","","","","","","","","","","","","","","","","","","","","","","","","","","","","","","","","CURTIS.FEITTY","XLE_CREATE_LE","2021/02/03 16:17:51.34","","","","2024/02/12","","","1401 Constitution Ave NW,WASHINGTON, DC 20230 Dist of Columbia","1401 Constitution Ave NW<BR>WASHINGTON, DC 20230 Dist of Columbia","DIRTY","","Y","","","","2021/02/08 16:39:51.0","BAD5E77B6B3EC81AE0539E90DF0A814F","FUSION_APPS_CRM_ESS_APPID","","","300000219228558","","","","","1","","A","America/New_York","","","N","","1401 Constitution Ave NW/WASHINGTON, DC 20230 Dist of Columbia"
"400 Maryland Ave SW","","","","Washington","US","Dist of Columbia","20202","","DC","USER_ENTERED","","","","","","","","","POSTAL_ADDR_US","","","","","","","","","","","","","","","","","","","","","","","","","","","","","","","","","","","","","","","","","","","","","","","","","","","","","","","","","","","","CURTIS.FEITTY","XLE_CREATE_LE","2021/02/03 16:21:20.399","","","","2024/02/12","","","400 Maryland Ave SW,WASHINGTON, DC 20202 Dist of Columbia","400 Maryland Ave SW<BR>WASHINGTON, DC 20202 Dist of Columbia","DIRTY","","Y","","","","2021/02/08 16:39:51.0","BAD5E77B6B3EC81AE0539E90DF0A814F","FUSION_APPS_CRM_ESS_APPID","","","300000219228559","","","","","1","","A","America/New_York","","","N","","400 Maryland Ave SW/WASHINGTON, DC 20202 Dist of Columbia"
"1000 Independence Ave SW","","","","Washington","US","Dist of Columbia","20585","","DC","USER_ENTERED","","","","","","","","","POSTAL_ADDR_US","","","","","","","","","","","","","","","","","","","","","","","","","","","","","","","","","","","","","","","","","","","","","","","","","","","","","","","","","","","","CURTIS.FEITTY","XLE_CREATE_LE","2021/02/03 16:21:59.199","","","","2024/02/12","","","1000 Independence Ave SW,WASHINGTON, DC 20585 Dist of Columbia","1000 Independence Ave SW<BR>WASHINGTON, DC 20585 Dist of Columbia","DIRTY","","Y","","","","2021/02/08 16:39:51.0","BAD5E77B6B3EC81AE0539E90DF0A814F","FUSION_APPS_CRM_ESS_APPID","","","300000219228560","","","","","1","","A","America/New_York","","","N","","1000 Independence Ave SW/WASHINGTON, DC 20585 Dist of Columbia"
"200 Independence","","","","Washington","US","Dist of Columbia","20201","","DC","USER_ENTERED","","","","","","","","","POSTAL_ADDR_US","","","","","","","","","","","","","","","","","","","","","","","","","","","","","","","","","","","","","","","","","","","","","","","","","","","","","","","","","","","","CURTIS.FEITTY","XLE_CREATE_LE","2021/02/03 16:24:16.828","","","","2024/02/12","","","200 Independence,WASHINGTON, DC 20201 Dist of Columbia","200 Independence<BR>WASHINGTON, DC 20201 Dist of Columbia","DIRTY","","Y","","","","2021/02/08 16:39:51.0","BAD5E77B6B3EC81AE0539E90DF0A814F","FUSION_APPS_CRM_ESS_APPID","","","300000219228561","","","","","1","","A","America/New_York","","","N","","200 Independence/WASHINGTON, DC 20201 Dist of Columbia"
"300 7th St SW","","","","Washington","US","Dist of Columbia","20024","","DC","USER_ENTERED","","","","","","","","","POSTAL_ADDR_US","","","","","","","","","","","","","","","","","","","","","","","","","","","","","","","","","","","","","","","","","","","","","","","","","","","","","","","","","","","","CURTIS.FEITTY","XLE_CREATE_LE","2021/02/03 16:25:06.689","","","","2024/02/12","","","300 7th St SW,WASHINGTON, DC 20024 Dist of Columbia","300 7th St SW<BR>WASHINGTON, DC 20024 Dist of Columbia","DIRTY","","Y","","","","2021/02/08 16:39:51.0","BAD5E77B6B3EC81AE0539E90DF0A814F","FUSION_APPS_CRM_ESS_APPID","","","300000219228562","","","","","1","","A","America/New_York","","","N","","300 7th St SW/WASHINGTON, DC 20024 Dist of Columbia"
"451 7th St SW","","","","Washington","US","Dist of Columbia","20410","","DC","USER_ENTERED","","","","","","","","","POSTAL_ADDR_US","","","","","","","","","","","","","","","","","","","","","","","","","","","","","","","","","","","","","","","","","","","","","","","","","","","","","","","","","","","","CURTIS.FEITTY","XLE_CREATE_LE","2021/02/03 16:26:47.987","","","","2024/02/12","","","451 7th St SW,WASHINGTON, DC 20410 Dist of Columbia","451 7th St SW<BR>WASHINGTON, DC 20410 Dist of Columbia","DIRTY","","Y","","","","2021/02/08 16:39:51.0","BAD5E77B6B3EC81AE0539E90DF0A814F","FUSION_APPS_CRM_ESS_APPID","","","300000219228563","","","","","1","","A","America/New_York","","","N","","451 7th St SW/WASHINGTON, DC 20410 Dist of Columbia"
"100 Ohio Dr SW","","","","Washington","US","Dist of Columbia","20242","","DC","USER_ENTERED","","","","","","","","","POSTAL_ADDR_US","","","","","","","","","","","","","","","","","","","","","","","","","","","","","","","","","","","","","","","","","","","","","","","","","","","","","","","","","","","","CURTIS.FEITTY","XLE_CREATE_LE","2021/02/03 16:27:35.335","","","","2024/02/12","","","100 Ohio Dr SW,WASHINGTON, DC 20242 Dist of Columbia","100 Ohio Dr SW<BR>WASHINGTON, DC 20242 Dist of Columbia","DIRTY","","Y","","","","2021/02/08 16:39:51.0","BAD5E77B6B3EC81AE0539E90DF0A814F","FUSION_APPS_CRM_ESS_APPID","","","300000219228564","","","","","1","","A","America/New_York","","","N","","100 Ohio Dr SW/WASHINGTON, DC 20242 Dist of Columbia"
"950 Pennsylvania Ave NW","","","","Washington","US","Dist of Columbia","20530","","DC","USER_ENTERED","","","","","","","","","POSTAL_ADDR_US","","","","","","","","","","","","","","","","","","","","","","","","","","","","","","","","","","","","","","","","","","","","","","","","","","","","","","","","","","","","CURTIS.FEITTY","XLE_CREATE_LE","2021/02/03 16:29:11.935","","","","2024/02/12","","","950 Pennsylvania Ave NW,WASHINGTON, DC 20530 Dist of Columbia","950 Pennsylvania Ave NW<BR>WASHINGTON, DC 20530 Dist of Columbia","DIRTY","","Y","","","","2021/02/08 16:39:51.0","BAD5E77B6B3EC81AE0539E90DF0A814F","FUSION_APPS_CRM_ESS_APPID","","","300000219228565","","","","","1","","A","America/New_York","","","N","","950 Pennsylvania Ave NW/WASHINGTON, DC 20530 Dist of Columbia"
"200 Constitution Ave NW","","","","Washington","US","Dist of Columbia","20210","","DC","USER_ENTERED","","","","","","","","","POSTAL_ADDR_US","","","","","","","","","","","","","","","","","","","","","","","","","","","","","","","","","","","","","","","","","","","","","","","","","","","","","","","","","","","","CURTIS.FEITTY","XLE_CREATE_LE","2021/02/03 16:29:47.863","","","","2024/02/12","","","200 Constitution Ave NW,WASHINGTON, DC 20210 Dist of Columbia","200 Constitution Ave NW<BR>WASHINGTON, DC 20210 Dist of Columbia","DIRTY","","Y","","","","2021/02/08 16:39:51.0","BAD5E77B6B3EC81AE0539E90DF0A814F","FUSION_APPS_CRM_ESS_APPID","","","300000219228566","","","","","1","","A","America/New_York","","","N","","200 Constitution Ave NW/WASHINGTON, DC 20210 Dist of Columbia"
"2201 C St NW","","","","Washington","US","Dist of Columbia","20520","","DC","USER_ENTERED","","","","","","","","","POSTAL_ADDR_US","","","","","","","","","","","","","","","","","","","","","","","","","","","","","","","","","","","","","","","","","","","","","","","","","","","","","","","","","","","","CURTIS.FEITTY","XLE_CREATE_LE","2021/02/03 16:31:32.974","","","","2024/02/12","","","2201 C St NW,WASHINGTON, DC 20520 Dist of Columbia","2201 C St NW<BR>WASHINGTON, DC 20520 Dist of Columbia","DIRTY","","Y","","","","2021/02/08 16:39:51.0","BAD5E77B6B3EC81AE0539E90DF0A814F","FUSION_APPS_CRM_ESS_APPID","","","300000219228567","","","","","1","","A","America/New_York","","","N","","2201 C St NW/WASHINGTON, DC 20520 Dist of Columbia"
"1200 New Jersey Ave SE","","","","Washington","US","Dist of Columbia","20590","","DC","USER_ENTERED","","","","","","","","","POSTAL_ADDR_US","","","","","","","","","","","","","","","","","","","","","","","","","","","","","","","","","","","","","","","","","","","","","","","","","","","","","","","","","","","","CURTIS.FEITTY","XLE_CREATE_LE","2021/02/03 16:32:06.65","","","","2024/02/12","","","1200 New Jersey Ave SE,WASHINGTON, DC 20590 Dist of Columbia","1200 New Jersey Ave SE<BR>WASHINGTON, DC 20590 Dist of Columbia","DIRTY","","Y","","","","2021/02/08 16:39:51.0","BAD5E77B6B3EC81AE0539E90DF0A814F","FUSION_APPS_CRM_ESS_APPID","","","300000219228568","","","","","1","","A","America/New_York","","","N","","1200 New Jersey Ave SE/WASHINGTON, DC 20590 Dist of Columbia"
"1200 New Jersey Ave SE","","","","Washington","US","Dist of Columbia","20590","","DC","USER_ENTERED","","","","","","","","","POSTAL_ADDR_US","","","","","","","","","","","","","","","","","","","","","","","","","","","","","","","","","","","","","","","","","","","","","","","","","","","","","","","","","","","","CURTIS.FEITTY","XLE_CREATE_LE","2021/02/03 16:33:52.082","","","","2024/02/12","","","1200 New Jersey Ave SE,WASHINGTON, DC 20590 Dist of Columbia","1200 New Jersey Ave SE<BR>WASHINGTON, DC 20590 Dist of Columbia","DIRTY","","Y","","","","2021/02/08 16:39:51.0","BAD5E77B6B3EC81AE0539E90DF0A814F","FUSION_APPS_CRM_ESS_APPID","","","300000219228569","","","","","1","","A","America/New_York","","","N","","1200 New Jersey Ave SE/WASHINGTON, DC 20590 Dist of Columbia"
"1111 20Th St NW","","","","Washington","US","Dist of Columbia","20526","","DC","USER_ENTERED","","","","","","","","","POSTAL_ADDR_US","","","","","","","","","","","","","","","","","","","","","","","","","","","","","","","","","","","","","","","","","","","","","","","","","","","","","","","","","","","","CURTIS.FEITTY","XLE_CREATE_LE","2021/02/03 16:34:19.169","","","","2024/02/12","","","1111 20Th St NW,WASHINGTON, DC 20526 Dist of Columbia","1111 20Th St NW<BR>WASHINGTON, DC 20526 Dist of Columbia","DIRTY","","Y","","","","2021/02/08 16:39:51.0","BAD5E77B6B3EC81AE0539E90DF0A814F","FUSION_APPS_CRM_ESS_APPID","","","300000219228570","","","","","1","","A","America/New_York","","","N","","1111 20Th St NW/WASHINGTON, DC 20526 Dist of Columbia"
"1722 I St NW","","","","Washington","US","Dist of Columbia","20421","","DC","USER_ENTERED","","","","","","","","","POSTAL_ADDR_US","","","","","","","","","","","","","","","","","","","","","","","","","","","","","","","","","","","","","","","","","","","","","","","","","","","","","","","","","","","","CURTIS.FEITTY","XLE_CREATE_LE","2021/02/03 16:35:52.685","","","","2024/02/12","","","1722 I St NW,WASHINGTON, DC 20421 Dist of Columbia","1722 I St NW<BR>WASHINGTON, DC 20421 Dist of Columbia","DIRTY","","Y","","","","2021/02/08 16:39:51.0","BAD5E77B6B3EC81AE0539E90DF0A814F","FUSION_APPS_CRM_ESS_APPID","","","300000219228571","","","","","1","","A","America/New_York","","","N","","1722 I St NW/WASHINGTON, DC 20421 Dist of Columbia"
"1411 Sicard St SE","","","","Washington","US","Dist of Columbia","20003","","DC","USER_ENTERED","","","","","","","","","POSTAL_ADDR_US","","","","","","","","","","","","","","","","","","","","","","","","","","","","","","","","","","","","","","","","","","","","","","","","","","","","","","","","","","","","CURTIS.FEITTY","XLE_CREATE_LE","2021/02/03 16:36:25.161","","","","2024/02/12","","","1411 Sicard St SE,WASHINGTON, DC 20003 Dist of Columbia","1411 Sicard St SE<BR>WASHINGTON, DC 20003 Dist of Columbia","DIRTY","","Y","","","","2021/02/08 16:39:51.0","BAD5E77B6B3EC81AE0539E90DF0A814F","FUSION_APPS_CRM_ESS_APPID","","","300000219228572","","","","","1","","A","America/New_York","","","N","","1411 Sicard St SE/WASHINGTON, DC 20003 Dist of Columbia"
"475 L'Enfant Plaza SW","","","","Washington","US","Dist of Columbia","20260","","DC","USER_ENTERED","","","","","","","","","POSTAL_ADDR_US","","","","","","","","","","","","","","","","","","","","","","","","","","","","","","","","","","","","","","","","","","","","","","","","","","","","","","","","","","","","CURTIS.FEITTY","XLE_CREATE_LE","2021/02/03 16:38:00.594","","","","2024/02/12","","","475 L'Enfant Plaza SW,WASHINGTON, DC 20260 Dist of Columbia","475 L'Enfant Plaza SW<BR>WASHINGTON, DC 20260 Dist of Columbia","DIRTY","","Y","","","","2021/02/08 16:39:51.0","BAD5E77B6B3EC81AE0539E90DF0A814F","FUSION_APPS_CRM_ESS_APPID","","","300000219228573","","","","","1","","A","America/New_York","","","N","","475 L'Enfant Plaza SW/WASHINGTON, DC 20260 Dist of Columbia"
"One South Place","","","","London","GB","Greater London","EC2M 2RB","","","USER_ENTERED","","","","","","","","","","","","","","","","","","","","","","","","","","","","","","","","","","","","","","","","","","","","","","","","","","","","","","","","","","","","","","","","","","","","","FIN_IMPL","XLE_CREATE_LE","2021/01/11 11:51:57.001","","","","2024/02/12","","","One South Place,LONDON,Greater London,EC2M 2RB,UNITED KINGDOM","One South Place<BR>LONDON<BR>Greater London<BR>EC2M 2RB<BR>UNITED KINGDOM","DIRTY","","Y","","","","2021/01/11 11:52:05.253","B89A195782F6F944E0539E90DF0A5AEE","FIN_IMPL","","","300100046569426","","","","","1","","A","","","","N","","One South Place/LONDON/Greater London/EC2M 2RB/UNITED KINGDOM"
"12 S White Potato Lake Road","","","","","US","Marinette","","","WI","USER_ENTERED","","","","","","","","","POSTAL_ADDR_US","","","","","","","","","","","","","","","","","","","","","","","","","","","","","","","","","","","","","","","","","","","","","","","","","","","","","","","","","","","","CURTIS.FEITTY","XLE_CREATE_LE","2023/05/16 21:28:15.001","","","","2024/02/12","","","12 S White Potato Lake Road,WI Marinette","12 S White Potato Lake Road<BR>WI Marinette","DIRTY","","Y","","","","2023/05/16 21:34:14.075","F57E46F242719797E053B065F00AA2DA","CURTIS.FEITTY","","","300000254891679","","","","","1","","A","","","","N","","12 S White Potato Lake Road/WI Marinette"
"1900 Oracle Way","","","","Reston","US","Fairfax","20190","","VA","USER_ENTERED","","","","","","","","","POSTAL_ADDR_US","","","","","","","","","","","","","","","","","","","","","","","","","","","","","","","","","","","","","","","","","","","","","","","","","","","","","","","","","","","","FIN_IMPL","XLE_CREATE_LE","2021/01/07 15:53:56.001","","","","2024/02/12","","","1900 Oracle Way,RESTON, VA 20190 Fairfax","1900 Oracle Way<BR>RESTON, VA 20190 Fairfax","DIRTY","","Y","","","","2021/02/08 16:39:51.0","BAD5E77B6B3EC81AE0539E90DF0A814F","FUSION_APPS_CRM_ESS_APPID","","","300000216960778","","","","","1","","A","America/New_York","","","N","","1900 Oracle Way/RESTON, VA 20190 Fairfax"
"4 Julius Ave","","","","North Ryde","AU","","2460","","NSW","USER_ENTERED","","","","","","","","","","","","","","","","","","","","","","","","","","","","","","","","","","","","","","","","","","","","","","","","","","","","","","","","","","","","","","","","","","","","","FIN_IMPL","XLE_CREATE_LE","2021/02/02 16:37:01.001","","","","2024/02/12","","","4 Julius Ave,North Ryde NSW 2460,AUSTRALIA","4 Julius Ave<BR>North Ryde NSW 2460<BR>AUSTRALIA","DIRTY","","Y","","","","2021/02/02 16:37:11.191","BA5CCB5A83A437C4E0539E90DF0AD83E","FIN_IMPL","","","300100046569426","","","","","1","","A","","","","N","","4 Julius Ave/North Ryde NSW 2460/AUSTRALIA"
"Söder Mälarstrand 57","","","","Stockholm","SE","","118 25","","","USER_ENTERED","","","","","","","","","","","","","","","","","","","","","","","","","","","","","","","","","","","","","","","","","","","","","","","","","","","","","","","","","","","","","","","","","","","","","HCM_IMPL","XLE_CREATE_LE","2013/12/12 16:51:15.284","","","","2024/02/12","","","Söder Mälarstrand 57,118 25 Stockholm,SWEDEN","Söder Mälarstrand 57<BR>118 25 Stockholm<BR>SWEDEN","DIRTY","","Y","","","","2013/12/12 17:02:08.86","ED588B920DFA7637E0436204548C3D47","HCM_IMPL","","","300000048721116","","","","","1","","A","Europe/Stockholm","","","N","","Söder Mälarstrand 57/118 25 Stockholm/SWEDEN"
"500 ORACLE PKWY","","","","REDWOOD CITY","US","SAN MATEO","94065","","CA","USER_ENTERED","","","","","","","","","","","","","","","","","","","","","","","","","","","","","","","","","","","","","","","","","","","","","","","","","","","","","","","","","","","","","","","","","","","","","FIN_IMPL","XLE_CREATE_LE","2013/10/24 14:04:53.001","2015/08/18","","","2024/02/12","","","500 ORACLE PKWY,REDWOOD CITY, CA 94065 SAN MATEO","500 ORACLE PKWY<BR>REDWOOD CITY, CA 94065 SAN MATEO","DIRTY","","Y","","","","2015/08/21 16:54:33.0","1DD1B1DBC5ED7A18E0536204548C314E","FUSION_APPS_CRM_ESS_APPID","","","300000046973966","","1677","","","1","","A","America/Los_Angeles","","","Y","CLEANSED","500 ORACLE PKWY/REDWOOD CITY, CA 94065 SAN MATEO"
"196 Bishopsgate","","","","London","GB","London","EC2M 4NR","","","USER_ENTERED","","","","","","","","","","","","","","","","","","","","","","","","","","","","","","","","","","","","","","","","","","","","","","","","","","","","","","","","","","","","","","","","","","","","","FIN_IMPL","XLE_CREATE_LE","2013/11/11 10:16:17.278","","","","2024/02/12","","","196 Bishopsgate,LONDON,London,EC2M 4NR,UNITED KINGDOM","196 Bishopsgate<BR>LONDON<BR>London<BR>EC2M 4NR<BR>UNITED KINGDOM","DIRTY","","Y","","","","2014/03/18 22:47:30.0","F4DBC28D10664D71E0436204548C0AF7","FUSION_APPS_CRM_ESS_APPID","","","300000047483112","","","","","1","","A","Europe/London","","","N","","196 Bishopsgate/LONDON/London/EC2M 4NR/UNITED KINGDOM"
"43 Avenue Grand Armée","","","","Paris","FR","","75116","","","USER_ENTERED","","","","","","","","","","","","","","","","","","","","","","","","","","","","","","","","","","","","","","","","","","","","","","","","","","","","","","","","","","","","","","","","","","","","","FIN_IMPL","XLE_CREATE_LE","2013/11/11 10:19:29.116","","","","2024/02/12","","","43 Avenue Grand Armée,75116 PARIS,FRANCE","43 Avenue Grand Armée<BR>75116 PARIS<BR>FRANCE","DIRTY","","Y","","","","2014/03/18 22:47:30.0","F4DBC28D10664D71E0436204548C0AF7","FUSION_APPS_CRM_ESS_APPID","","","300000047483113","","","","","1","","A","Europe/Paris","","","N","","43 Avenue Grand Armée/75116 PARIS/FRANCE"
"196 Bishopsgate","","","","London","GB","London","EC2M 4NR","","","USER_ENTERED","","","","","","","","","","","","","","","","","","","","","","","","","","","","","","","","","","","","","","","","","","","","","","","","","","","","","","","","","","","","","","","","","","","","","FIN_IMPL","XLE_CREATE_LE","2013/11/13 20:04:09.001","","","","2024/02/12","","","196 Bishopsgate,LONDON,London,EC2M 4NR,UNITED KINGDOM","196 Bishopsgate<BR>LONDON<BR>London<BR>EC2M 4NR<BR>UNITED KINGDOM","DIRTY","","Y","","","","2014/03/18 22:47:30.0","F4DBC28D10664D71E0436204548C0AF7","FUSION_APPS_CRM_ESS_APPID","","","300000047524112","","","","","1","","A","","","","N","","196 Bishopsgate/LONDON/London/EC2M 4NR/UNITED KINGDOM"
"No. 1 Jian Guo Men Wai Da Jie","China World Trade Center Tower 2","","","","CN","","100004","Beijing Shi","","USER_ENTERED","","","","","","","","","","","","","","","","","","","","","","","","","","","","","","","","","","","","","","","","","","","","","","","","","","","","","","","","","","","","","","","","","","","","","FIN_IMPL","XLE_CREATE_LE","2013/11/22 18:38:26.0","","","","2024/02/12","","","CHINA,100004  BEIJING SHI,No. 1 Jian Guo Men Wai Da Jie,, China World Trade Center Tower 2","CHINA<BR>100004  BEIJING SHI<BR>No. 1 Jian Guo Men Wai Da Jie<BR>, China World Trade Center Tower 2","DIRTY","","Y","","","","2015/08/26 15:37:17.0","1E39780636037144E0536204548CB4E3","FUSION_APPS_CRM_ESS_APPID","","","300000047836137","","","","","1","","A","Asia/Shanghai","","","N","","CHINA/100004  BEIJING SHI/No. 1 Jian Guo Men Wai Da Jie/, China World Trade Center Tower 2"
"6","Temasek Boulevard","18-01","","","SG","","038986","","","USER_ENTERED","","","","","","","","","","","","","","","","","","","","","","","","","","","","","","","","","","","","","","","","","","","","","","","","","","","","","","","","","","","","","","","","","Suntec Tower Four","","","","HCM_IMPL","XLE_CREATE_LE","2013/11/26 14:55:27.905","","","","2024/02/12","","","6 Temasek Boulevard,18-01 Suntec Tower Four,Singapore 038986","6 Temasek Boulevard<BR>18-01 Suntec Tower Four<BR>Singapore 038986","DIRTY","","Y","","","","2013/11/26 14:57:19.359","EC166516646B090FE0436204548CE1D4","HCM_IMPL","","","300000047908113","","","","","1","","A","Asia/Singapore","","","N","","6 Temasek Boulevard/18-01 Suntec Tower Four/Singapore 038986"
"110 Matheson Boulevard West","","","","Vancouver","CA","","V5P 4C2","BC","","USER_ENTERED","","","","","","","","","POSTAL_ADDR_CA","","","","","","","","","","","","","","","","","","","","","","","","","","","","","","","","","","","","","","","","","","","","","","","","","","","","","","","","","","","","FIN_IMPL","XLE_CREATE_LE","2013/12/20 03:19:28.007","","","","2024/02/12","","","110 Matheson Boulevard West,VANCOUVER BC  V5P 4C2,CANADA","110 Matheson Boulevard West<BR>VANCOUVER BC  V5P 4C2<BR>CANADA","DIRTY","","Y","","","","2014/08/28 12:39:26.0","01A991874E8709BFE0536204548C0B5A","FUSION_APPS_CRM_ESS_APPID","","","300000049791111","","","","","1","","A","America/Winnipeg","","","N","","110 Matheson Boulevard West/VANCOUVER BC  V5P 4C2/CANADA"
"4 Julius Ave","","","","North Ryde","AU","","2113","","NSW","USER_ENTERED","","","","","","","","","","","","","","","","","","","","","","","","","","","","","","","","","","","","","","","","","","","","","","","","","","","","","","","","","","","","","","","","","","","","","FIN_IMPL","XLE_CREATE_LE","2013/11/22 17:15:59.177","","","","2024/02/12","","","4 Julius Ave,North Ryde NSW 2113,AUSTRALIA","4 Julius Ave<BR>North Ryde NSW 2113<BR>AUSTRALIA","DIRTY","","Y","","","","2014/03/18 22:47:30.0","F4DBC28D10664D71E0436204548C0AF7","FUSION_APPS_CRM_ESS_APPID","","","300000047836115","","","","","1","","A","","","","N","","4 Julius Ave/North Ryde NSW 2113/AUSTRALIA"
"Cyber Gateway Rd","Hitec City","Madhapur, Ranga Reddy District","","Hyderabad","IN","","500 081","","Telangana","USER_ENTERED","","","","","","","","","POSTAL_ADDR_IN","","","","","","","","","","","","","","","","","","","","","","","","","","","","","","","","","","","","","","","","","","","","","","","","","","","","","","","","","","","","FIN_IMPL","XLE_CREATE_LE","2013/11/22 17:17:57.195","","","","2024/02/12","","","Cyber Gateway Rd,Hitec City,Madhapur, Ranga Reddy District,HYDERABAD-500 081,Telangana,INDIA","Cyber Gateway Rd<BR>Hitec City<BR>Madhapur, Ranga Reddy District<BR>HYDERABAD-500 081<BR>Telangana<BR>INDIA","DIRTY","","Y","","","","2019/07/02 09:50:32.0","8CB0505B6E7D868FE053C390DF0A6AD1","FIN_IMPL","","","300000047836116","","","","","1","","A","","","","N","","Cyber Gateway Rd/Hitec City/Madhapur, Ranga Reddy District/HYDERABAD-500 081/Telangana/INDIA"
"2-5-8 Kita-Aoyama","","","","Tokyo","JP","","107-0061","","","USER_ENTERED","","Minato-ku","","","","","","","","","","","","","","","","","","","","","","","","","","","","","","","","","","","","","","","","","","","","","","","","","","","","","","","","","","","","","","","","","","","FIN_IMPL","XLE_CREATE_LE","2013/11/22 17:20:57.724","","","","2024/02/12","","","JAPAN,107-0061,Tokyo,2-5-8 Kita-Aoyama,Minato-ku","JAPAN<BR>107-0061<BR>Tokyo<BR>2-5-8 Kita-Aoyama<BR>Minato-ku","DIRTY","","Y","","","","2015/08/26 15:37:17.0","1E39780636037144E0536204548CB4E3","FUSION_APPS_CRM_ESS_APPID","","","300000047836117","","","","","1","","A","","","","N","","JAPAN/107-0061/Tokyo/2-5-8 Kita-Aoyama/Minato-ku"
"10 Presnenskaya nab.","Block C 9th floor","","","Moscow","RU","","123317","","","USER_ENTERED","","","","","","","","","","","","","","","","","","","","","","","","","","","","","","","","","","","","","","","","","","","","","","","","","","","","","","","","","","","","","","","","","","","","","FIN_IMPL","XLE_CREATE_LE","2013/12/06 21:47:56.585","","","","2024/02/12","","","10 Presnenskaya nab.,Block C 9th floor,MOSCOW 123317,RUSSIAN FEDERATION","10 Presnenskaya nab.<BR>Block C 9th floor<BR>MOSCOW 123317<BR>RUSSIAN FEDERATION","DIRTY","","Y","","","","2013/12/06 21:49:35.815","ECE57D9BE9CE74C7E0436204548CBC8E","FIN_IMPL","","","300000048611113","","","","","1","","A","Europe/Moscow","","","N","","10 Presnenskaya nab./Block C 9th floor/MOSCOW 123317/RUSSIAN FEDERATION"
"Robert - Bosch - Strasse 5","","","","Dreieich","DE","","63303","","","USER_ENTERED","","","","","","","","","","","","","","","","","","","","","","","","","","","","","","","","","","","","","","","","","","","","","","","","","","","","","","","","","","","","","","","","","","","","","FIN_IMPL","XLE_CREATE_LE","2013/12/06 21:50:50.309","","","","2024/02/12","","","Robert - Bosch - Strasse 5,63303 Dreieich,GERMANY","Robert - Bosch - Strasse 5<BR>63303 Dreieich<BR>GERMANY","DIRTY","","Y","","","","2014/03/18 22:47:30.0","F4DBC28D10664D71E0436204548C0AF7","FUSION_APPS_CRM_ESS_APPID","","","300000048611116","","","","","1","","A","Europe/Berlin","","","N","","Robert - Bosch - Strasse 5/63303 Dreieich/GERMANY"
"Claude Debussylan 32","","","","Amsterdam","NL","","1082 MD","","","USER_ENTERED","","","","","","","","","","","","","","","","","","","","","","","","","","","","","","","","","","","","","","","","","","","","","","","","","","","","","","","","","","","","","","","","","","","","","FIN_IMPL","XLE_CREATE_LE","2013/12/06 22:04:57.516","","","","2024/02/12","","","Claude Debussylan 32,1082 MD AMSTERDAM,NETHERLANDS","Claude Debussylan 32<BR>1082 MD AMSTERDAM<BR>NETHERLANDS","DIRTY","","Y","","","","2014/03/18 22:47:30.0","F4DBC28D10664D71E0436204548C0AF7","FUSION_APPS_CRM_ESS_APPID","","","300000048611117","","","","","1","","A","Europe/Amsterdam","","","N","","Claude Debussylan 32/1082 MD AMSTERDAM/NETHERLANDS"
"39/F., The Lee Gardens","33 Hysan Avenue","","","Causeway Bay","HK","","","","","USER_ENTERED","","","","","","","","","","","","","","","","","","","","","","","","","","","","","","","","","","","","","","","","","","","","","","","","","","","","","","","","","","","","","","","","","","","","","HCM_IMPL","XLE_CREATE_LE","2013/11/26 14:52:23.004","","","","2024/02/12","","","39/F., The Lee Gardens,33 Hysan Avenue,Causeway Bay,HONG KONG","39/F., The Lee Gardens<BR>33 Hysan Avenue<BR>Causeway Bay<BR>HONG KONG","DIRTY","","Y","","","","2013/11/26 14:53:51.06","EC166516646B090FE0436204548CE1D4","HCM_IMPL","","","300000047908111","","","","","1","","A","Asia/Hong_Kong","","","N","","39/F., The Lee Gardens/33 Hysan Avenue/Causeway Bay/HONG KONG"
"Via Bombay 1","","","","Rome","IT",""," I-00144","","","USER_ENTERED","","","","","","","","","","","","","","","","","","","","","","","","","","","","","","","","","","","","","","","","","","","","","","","","","","","","","","","","","","","","","","","","","","","","","FIN_IMPL","XLE_CREATE_LE","2013/12/06 21:46:30.007","","","","2024/02/12","","","Via Bombay 1,ROME, I-00144,ITALY","Via Bombay 1<BR>ROME<BR> I-00144<BR>ITALY","DIRTY","","Y","","","","2014/03/18 22:47:30.0","F4DBC28D10664D71E0436204548C0AF7","FUSION_APPS_CRM_ESS_APPID","","","300000048611111","","","","","1","","A","Europe/Rome","","","N","","Via Bombay 1/ROME/ I-00144/ITALY"
"Central Business Tower","Olaya Main Road, Slaimaniyah","","","Riyadh","SA","","11441","","","USER_ENTERED","","","","","","","","","","","","","","","","","","","","","","","","","","","","","","","","","","","","","","","","","","","","","","","","","","","","","","","","","","","","","","","","","","","","","FIN_IMPL","XLE_CREATE_LE","2013/12/06 22:06:41.284","","","","2024/02/12","","","Central Business Tower,Olaya Main Road, Slaimaniyah,Riyadh 11441,SAUDI ARABIA","Central Business Tower<BR>Olaya Main Road, Slaimaniyah<BR>Riyadh 11441<BR>SAUDI ARABIA","DIRTY","","Y","","","","2017/10/17 18:23:25.0","5BBAAB46F3BF2BB3E0538DADFD0A6B9E","FUSION_APPS_CRM_ESS_APPID","","","300000048611120","","","","","1","","A","Asia/Riyadh","","","N","","Central Business Tower/Olaya Main Road, Slaimaniyah/Riyadh 11441/SAUDI ARABIA"
"c/ Jose Echegaray, 6 Edificio A","Parque Empresarial Las Rozas","","","Madrid","ES","","28232","Las Rozas","","USER_ENTERED","","","","","","","","","POSTAL_ADDR_ES","","","","","","","","","","","","","","","","","","","","","","","","","","","","","","","","","","","","","","","","","","","","","","","","","","","","","","","","","","","","HCM_IMPL","XLE_CREATE_LE","2013/12/12 16:48:01.001","","","","2024/02/12","","","c/ Jose Echegaray, 6 Edificio A,Parque Empresarial Las Rozas,28232 MADRID(LAS ROZAS,SPAIN","c/ Jose Echegaray, 6 Edificio A<BR>Parque Empresarial Las Rozas<BR>28232 MADRID(LAS ROZAS<BR>SPAIN","DIRTY","","Y","","","","2017/10/17 16:52:45.0","5BB98F2521B2270EE0538DADFD0A004F","FUSION_APPS_CRM_ESS_APPID","","","300000048721112","","","","","1","","A","Europe/Madrid","","","N","","c/ Jose Echegaray, 6 Edificio A/Parque Empresarial Las Rozas/28232 MADRID(LAS ROZAS/SPAIN"
"Przyokopowa 31","Crown Square","","","01-208","PL","","01-208","","","USER_ENTERED","","","","","","","","","","","","","","","","","","","","","","","","","","","","","","","","","","","","","","","","","","","","","","","","","","","","","","","","","","","","","","","","","","","","","HCM_IMPL","XLE_CREATE_LE","2013/12/12 16:49:30.291","","","","2024/02/12","","","Przyokopowa 31,Crown Square,01-208 01-208,POLAND","Przyokopowa 31<BR>Crown Square<BR>01-208 01-208<BR>POLAND","DIRTY","","Y","","","","2014/03/18 22:47:30.0","F4DBC28D10664D71E0436204548C0AF7","FUSION_APPS_CRM_ESS_APPID","","","300000048721114","","","","","1","","A","Europe/Warsaw","","","N","","Przyokopowa 31/Crown Square/01-208 01-208/POLAND"
"Rua Doutor Jose Aureo Bustamante, 455","","","","São Paulo","BR","","4710090","","São Paulo","USER_ENTERED","","","","","","","","","POSTAL_ADDR_BR","","","","","","","","","","","","","","","","","","","","","","","","","","","","","","","","","","","","","","","","","","","","","","","","","","","","","","","","","","","","HCM_IMPL","XLE_CREATE_LE","2015/06/04 10:45:47.001","","","","2024/02/12","","","Rua Doutor Jose Aureo Bustamante, 455,São Paulo-SÃO PAULO,4710090,BRAZIL","Rua Doutor Jose Aureo Bustamante, 455<BR>São Paulo-SÃO PAULO<BR>4710090<BR>BRAZIL","DIRTY","","Y","","","","2015/06/04 10:47:15.264","17ACF1B2D11C368DE0536204548C26B3","HCM_IMPL","","","300000103056106","","","","","1","","A","America/Sao_Paulo","","","N","","Rua Doutor Jose Aureo Bustamante, 455/São Paulo-SÃO PAULO/4710090/BRAZIL"
"Sos. Pipera nr.43","","","","Bucuresti","RO","","10011","","","USER_ENTERED","","","","","","","","","POSTAL_ADDR_N_EUR","","","","","","","","","","","","","","","","","","","","","","","","","","","","","","","","","","","","","","","","","","","","","","","","","","","","","","","","","","","","BETTY.ANDERSON","XLE_CREATE_LE","2016/04/19 07:00:52.001","","","","2024/02/12","","","Sos. Pipera nr.43,R-10011 Bucuresti","Sos. Pipera nr.43<BR>R-10011 Bucuresti","DIRTY","","Y","","","","2016/04/19 07:01:37.401","30D1F51427923AEFE053790B548C1557","BETTY.ANDERSON","","","300000126296465","","","","","1","","A","","","","N","","Sos. Pipera nr.43/R-10011 Bucuresti"
"100 Silom Road","Suriyawong","Bangrak","","Bangkok ","TH","","10500","","","USER_ENTERED","","","","","","","","","POSTAL_ADDR_DEF","","","","","","","","","","","","","","","","","","","","","","","","","","","","","","","","","","","","","","","","","","","","","","","","","","","","","","","","","","","","BETTY.ANDERSON","XLE_CREATE_LE","2016/04/19 07:15:02.001","2018/05/30","","","2024/02/12","","","100 Silom Road,Suriyawong,Bangrak,BANGKOK  10500,THAILAND","100 Silom Road<BR>Suriyawong<BR>Bangrak<BR>BANGKOK  10500<BR>THAILAND","DIRTY","","Y","","","","2018/05/30 13:38:58.500825","6D658551FDEB7106E0539090DF0AAFD7","FUSION_APPS_CRM_ESS_APPID","","","300000126296494","","","","","1","","A","","","","N","SKIPPED","100 Silom Road/Suriyawong/Bangrak/BANGKOK  10500/THAILAND"
"100, Avenue des Far","","","","Casablanca","MA","","22000","","Casablanca","USER_ENTERED","","","","","","","","","POSTAL_ADDR_DEF","","","","","","","","","","","","","","","","","","","","","","","","","","","","","","","","","","","","","","","","","","","","","","","","","","","","","","","","","","","","BETTY.ANDERSON","XLE_CREATE_LE","2016/05/27 11:25:05.001","","","","2024/02/12","","","100, Avenue des Far,CASABLANCA CASABLANCA 22000,MOROCCO","100, Avenue des Far<BR>CASABLANCA CASABLANCA 22000<BR>MOROCCO","DIRTY","","Y","","","","2016/05/27 11:25:42.39","33D05958F57558F8E053CFFBE70A7740","BETTY.ANDERSON","","","300000129613471","","","","","1","","A","","","","N","","100, Avenue des Far/CASABLANCA CASABLANCA 22000/MOROCCO"
"Montes Urales 470","","","","Distrito Federal","MX","","11000","","CDMX","USER_ENTERED","","Miguel Hidalgo","Lomas de Chapultepec ","","","","","","POSTAL_ADDR_MX","","","","","","","","","","","","","","","","","","","","","","","","","","","","","","","","","","","","","","","","","","","","","","","","","","","","","","","","","","","","FIN_IMPL","XLE_CREATE_LE","2014/08/01 14:28:25.005","","","","2024/02/12","","","Montes Urales 470,Lomas de Chapultepec , Miguel Hidalgo,11000  DISTRITO FEDERAL, CDMX,MEXICO","Montes Urales 470<BR>Lomas de Chapultepec , Miguel Hidalgo<BR>11000  DISTRITO FEDERAL, CDMX<BR>MEXICO","DIRTY","","Y","","","","2020/04/08 08:31:59.0","A2C078BB09598D42E053B090DF0AE12E","HCM_IMPL","","","300000079060539","","","","","1","","A","America/Mexico_City","","","N","","Montes Urales 470/Lomas de Chapultepec , Miguel Hidalgo/11000  DISTRITO FEDERAL, CDMX/MEXICO"
"Vollsveien 2","Post Box 384","","","Lysaker","NO","","N-1326","","","USER_ENTERED","","","","","","","","","POSTAL_ADDR_N_EUR","","","","","","","","","","","","","","","","","","","","","","","","","","","","","","","","","","","","","","","","","","","","","","","","","","","","","","","","","","","","HCM_IMPL","XLE_CREATE_LE","2015/12/17 16:01:22.018","","","","2024/02/12","","","Vollsveien 2,Post Box 384,N-N-1326 Lysaker","Vollsveien 2<BR>Post Box 384<BR>N-N-1326 Lysaker","DIRTY","","Y","","","","2015/12/17 16:04:00.724","270E300465FB3CFFE053790B548C621D","HCM_IMPL","","","300000116736105","","","","","1","","A","","","","N","","Vollsveien 2/Post Box 384/N-N-1326 Lysaker"
"Riesstr 25le","","","","München","DE","","80992","","","USER_ENTERED","","","","","","","","","POSTAL_ADDR_DE","","","","","","","","","","","","","","","","","","","","","","","","","","","","","","","","","","","","","","","","","","","","","","","","","","","","","","","","","","","","FIN_IMPL","XLE_CREATE_LE","2016/06/10 13:08:46.0","","","","2024/02/12","","","Riesstr 25le,80992 München,GERMANY","Riesstr 25le<BR>80992 München<BR>GERMANY","DIRTY","","Y","","","","2017/10/17 16:51:59.0","5BBAAB46F3B22BB3E0538DADFD0A6B9E","FUSION_APPS_CRM_ESS_APPID","","","300000130113166","","","","","1","","A","Europe/Berlin","","","N","","Riesstr 25le/80992 München/GERMANY"
"Av.Francisco de Miranda  Edf.Centro Empresarial Galipan Torre B piso 13.Urb el Rosal","","","","Caracas","VE","","1060","","Distrito Capital ","USER_ENTERED","","","","","","","","","POSTAL_ADDR_DEF","","","","","","","","","","","","","","","","","","","","","","","","","","","","","","","","","","","","","","","","","","","","","","","","","","","","","","","","","","","","BETTY.ANDERSON","XLE_CREATE_LE","2016/04/19 08:40:09.001","","","","2024/02/12","","","Av.Francisco de Miranda  Edf.Centro Empresarial Galipan Torre B piso 13.Urb el Rosal,CARACAS DISTRITO CAPITAL  1060,VENEZUELA","Av.Francisco de Miranda  Edf.Centro Empresarial Galipan Torre B piso 13.Urb el Rosal<BR>CARACAS DISTRITO CAPITAL  1060<BR>VENEZUELA","DIRTY","","Y","","","","2016/04/19 08:41:28.22","30D30E887969691FE053790B548C2E3B","BETTY.ANDERSON","","","300000126296580","","","","","1","","A","","","","N","","Av.Francisco de Miranda  Edf.Centro Empresarial Galipan Torre B piso 13.Urb el Rosal/CARACAS DISTRITO CAPITAL  1060/VENEZUELA"
"Juana Manso 1069 - Piso 7°","","Buenos Aires ","","Puerto Madero","AR","","C1107CBU","","","USER_ENTERED","","","","","","","","","POSTAL_ADDR_AR","","","","","","","","","","","","","","","","","","","","","","","","","","","","","","","","","","","","","","","","","","","","","","","","","","","","","","","","","","","","BETTY.ANDERSON","XLE_CREATE_LE","2016/04/14 11:39:55.001","","","","2024/02/12","","","Juana Manso 1069 - Piso 7°,Buenos Aires,C1107CBU  PUERTO MADERO,ARGENTINA","Juana Manso 1069 - Piso 7°<BR>Buenos Aires<BR>C1107CBU  PUERTO MADERO<BR>ARGENTINA","DIRTY","","Y","","","","2016/04/14 11:40:24.426","306BDD7738BF3435E053790B548C452F","BETTY.ANDERSON","","","300000123911406","","","","","1","","A","","","","N","","Juana Manso 1069 - Piso 7°/Buenos Aires/C1107CBU  PUERTO MADERO/ARGENTINA"
"Shenzhen guangqu road 99","","","","Shenzhen Shi","CN","","518005","Guangdong Sheng","","USER_ENTERED","","","","","","","","","POSTAL_ADDR_CN","","","","","","","","","","","","","","","","","","","","","","","","","","","","","","","","","","","","","","","","","","","","","","","","","","","","","","","","","","","","HCM_IMPL","XLE_CREATE_LE","2014/08/08 08:08:49.001","","","","2024/02/12","","","CHINA,518005  GUANGDONG SHENG,Shenzhen Shi,Shenzhen guangqu road 99","CHINA<BR>518005  GUANGDONG SHENG<BR>Shenzhen Shi<BR>Shenzhen guangqu road 99","DIRTY","","Y","","","","2015/08/26 15:37:17.0","1E39780636037144E0536204548CB4E3","FUSION_APPS_CRM_ESS_APPID","","","300000079310561","","","","","1","","A","Asia/Shanghai","","","N","","CHINA/518005  GUANGDONG SHENG/Shenzhen Shi/Shenzhen guangqu road 99"
"Naijing road 58","","","","Shanghai","CN","","200041","Shanghai Shi","","USER_ENTERED","","","","","","","","","POSTAL_ADDR_CN","","","","","","","","","","","","","","","","","","","","","","","","","","","","","","","","","","","","","","","","","","","","","","","","","","","","","","","","","","","","HCM_IMPL","XLE_CREATE_LE","2014/08/08 08:14:11.162","","","","2024/02/12","","","CHINA,200041  SHANGHAI SHI,Shanghai,Naijing road 58","CHINA<BR>200041  SHANGHAI SHI<BR>Shanghai<BR>Naijing road 58","DIRTY","","Y","","","","2015/08/26 15:37:17.0","1E39780636037144E0536204548CB4E3","FUSION_APPS_CRM_ESS_APPID","","","300000079310562","","","","","1","","A","Asia/Shanghai","","","N","","CHINA/200041  SHANGHAI SHI/Shanghai/Naijing road 58"
"ASEM Tower. 12,15,16,36F","","","","Seoul","KR","","135798","","","USER_ENTERED","","","","","","","","","POSTAL_ADDR_KR","","","","","","","","","","","","","","","","","","","","","","","","","","","","","","","","","","","","","","","","","","","","","","","","","","","","","","","","","","","","HCM_IMPL","XLE_CREATE_LE","2015/06/05 13:59:59.001","","","","2024/02/12","","","ASEM Tower. 12,15,16,36F,Seoul  135798,KOREA, REPUBLIC OF","ASEM Tower. 12,15,16,36F<BR>Seoul  135798<BR>KOREA, REPUBLIC OF","DIRTY","","Y","","","","2015/06/05 14:01:02.543","17ACF1B2D12D368DE0536204548C26B3","HCM_IMPL","","","300000103056144","","","","","1","","A","Asia/Seoul","","","N","","ASEM Tower. 12,15,16,36F/Seoul  135798/KOREA, REPUBLIC OF"
"521 PARK AVENUE","","","","Chicago","US","","60624","","Illinois","USER_ENTERED","","","","","","","","","POSTAL_ADDR_US","","","","","","","","","","","","","","","","","","","","","","","","","","","","","","","","","","","","","","","","","","","","","","","","","","","","","","","","","","","","FIN_IMPL","XLE_CREATE_LE","2016/12/05 15:21:46.002","","","","2024/02/12","","","521 PARK AVENUE,CHICAGO, ILLINOIS 60624","521 PARK AVENUE<BR>CHICAGO, ILLINOIS 60624","DIRTY","","Y","","","","2017/05/04 15:36:03.0","4EB50174342E3B5CE053C4AEFD0A7240","FUSION_APPS_CRM_ESS_APPID","","","300000136274849","","","","","1","","A","America/Chicago","","","N","","521 PARK AVENUE/CHICAGO, ILLINOIS 60624"
"Ayaza?a caddesi No:4","","","","Istanbul","TR","","34396","","","USER_ENTERED","","","","","","","","","POSTAL_ADDR_DEF","","","","","","","","","","","","","","","","","","","","","","","","","","","","","","","","","","","","","","","","","","","","","","","","","","","","","","","","","","","","BETTY.ANDERSON","XLE_CREATE_LE","2016/04/13 14:35:12.001","","","","2024/02/12","","","Ayaza?a caddesi No:4,ISTANBUL 34396,TÜRKIYE","Ayaza?a caddesi No:4<BR>ISTANBUL 34396<BR>TÜRKIYE","DIRTY","","Y","","","","2017/01/31 14:26:35.0","475E7BB6C0A42406E0537AA3FD0AD03F","FIN_IMPL","","","300000123784472","","","","","1","","A","","","","N","","Ayaza?a caddesi No:4/ISTANBUL 34396/TÜRKIYE"
"Jl. Brigjen Zain Hamid No.28","","Medan Johor","","Medan","ID","","20158","","Sumatera Utara","USER_ENTERED","","","","","","","","","POSTAL_ADDR_DEF","","","","","","","","","","","","","","","","","","","","","","","","","","","","","","","","","","","","","","","","","","","","","","","","","","","","","","","","","","","","BETTY.ANDERSON","XLE_CREATE_LE","2016/04/13 07:26:29.001","","","","2024/02/12","","","Jl. Brigjen Zain Hamid No.28,Medan Johor,MEDAN SUMATERA UTARA 20158,INDONESIA","Jl. Brigjen Zain Hamid No.28<BR>Medan Johor<BR>MEDAN SUMATERA UTARA 20158<BR>INDONESIA","DIRTY","","Y","","","","2016/04/13 07:27:33.39","3057E712626540AEE053790B548C8BF8","BETTY.ANDERSON","","","300000123772429","","","","","1","","A","","","","N","","Jl. Brigjen Zain Hamid No.28/Medan Johor/MEDAN SUMATERA UTARA 20158/INDONESIA"
"Zholdasbekov Str.","","","","Almaty","KZ","","50051","","","USER_ENTERED","","","","","","","","","POSTAL_ADDR_KZ","","","","","","","","","","","","","","","","","","","","","","","","","","","","","","","","","","","","","","","","","","","","","","","","","","","","","","","","97","","","","HCM_IMPL","XLE_CREATE_LE","2015/06/15 11:14:30.001","","","","2024/02/12","","","Zholdasbekov Str.,97,Almaty,50051,KZ","Zholdasbekov Str.<BR>97<BR>Almaty<BR>50051<BR>KZ","DIRTY","","Y","","","","2015/06/15 11:15:35.526","188C7EA950CF1FC6E0536204548C5B09","HCM_IMPL","","","300000105720237","","","","","1","","A","Asia/Almaty","","","N","","Zholdasbekov Str./97/Almaty/50051/KZ"
"Gräsantörmä 2","","","","","FI","","02200","","","USER_ENTERED","Espoo","","","","","","","","POSTAL_ADDR_FI","","","","","","","","","","","","","","","","","","","","","","","","","","","","","","","","","","","","","","","","","","","","","","","","","","","","","","","","","","","","HCM_IMPL","XLE_CREATE_LE","2015/06/15 12:35:25.001","","","","2024/02/12","","","Gräsantörmä 2,02200,Espoo,FI","Gräsantörmä 2<BR>02200<BR>Espoo<BR>FI","DIRTY","","Y","","","","2015/06/15 12:38:24.774","188E7A853980759FE0536204548C59FC","HCM_IMPL","","","300000105720280","","","","","1","","A","Europe/Helsinki","","","N","","Gräsantörmä 2/02200/Espoo/FI"
"Banyato Street 13","","","","Budapest","HU","","1108","","","USER_ENTERED","","","","","","","","","POSTAL_ADDR_HU","","","","","","","","","","","","","","","","","","","","","","","","","","","","","","","","","","","","","","","","","","","","","","","","","","","","","","","","","","","","HCM_IMPL","XLE_CREATE_LE","2015/12/17 17:31:33.001","","","","2024/02/12","","","Budapest,Banyato Street 13,1108,HUNGARY","Budapest<BR>Banyato Street 13<BR>1108<BR>HUNGARY","DIRTY","","Y","","","","2015/12/17 17:35:28.724","270E300465FB3CFFE053790B548C621D","HCM_IMPL","","","300000116736139","","","","","1","","A","","","","N","","Budapest/Banyato Street 13/1108/HUNGARY"
"A.Goštauto Str. 40","","","","Vilnius","LT","","LT-01112","","","USER_ENTERED","","","","","","","","","POSTAL_ADDR_DEF","","","","","","","","","","","","","","","","","","","","","","","","","","","","","","","","","","","","","","","","","","","","","","","","","","","","","","","","","","","","HCM_IMPL","XLE_CREATE_LE","2015/12/18 15:21:10.001","","","","2024/02/12","","","A.Goštauto Str. 40,VILNIUS LT-01112,LITHUANIA","A.Goštauto Str. 40<BR>VILNIUS LT-01112<BR>LITHUANIA","DIRTY","","Y","","","","2015/12/18 15:21:47.175","272CD8B92DD54D87E053790B548CEB82","HCM_IMPL","","","300000116756223","","","","","1","","A","","","","N","","A.Goštauto Str. 40/VILNIUS LT-01112/LITHUANIA"
"Burj Doha","Level 21","Offices 2104 and 2135,West Bay","","Qatar","QA","","27110","","","USER_ENTERED","","","","","","","","","POSTAL_ADDR_DEF","","","","","","","","","","","","","","","","","","","","","","","","","","","","","","","","","","","","","","","","","","","","","","","","","","","","","","","","","","","","HCM_IMPL","XLE_CREATE_LE","2015/12/18 16:18:23.001","","","","2024/02/12","","","Burj Doha,Level 21,Offices 2104 and 2135,West Bay,QATAR 27110,QATAR","Burj Doha<BR>Level 21<BR>Offices 2104 and 2135,West Bay<BR>QATAR 27110<BR>QATAR","DIRTY","","Y","","","","2015/12/18 16:19:20.964","272CD8B92DD54D87E053790B548CEB82","HCM_IMPL","","","300000116756279","","","","","1","","A","","","","N","","Burj Doha/Level 21/Offices 2104 and 2135,West Bay/QATAR 27110/QATAR"
"Eastpoint Business Park","Alfie Byrne Road","","","Clontarf","IE","","Dublin 3","","","USER_ENTERED","","","","","","","","","POSTAL_ADDR_IE","","","","","","","","","","","","","","","","","","","","","","","","","","","","","","","","","","","","","","","","","","","","","","","","","","","","","","","","","","","","HCM_IMPL","XLE_CREATE_LE","2015/06/01 13:37:49.002","","","","2024/02/12","","","Eastpoint Business Park,Alfie Byrne Road,Clontarf  Dublin 3,IRELAND","Eastpoint Business Park<BR>Alfie Byrne Road<BR>Clontarf  Dublin 3<BR>IRELAND","DIRTY","","Y","","","","2017/10/17 16:49:00.0","5BBAAB46F3A92BB3E0538DADFD0A6B9E","FUSION_APPS_CRM_ESS_APPID","","","300000102873109","","","","","1","","A","Europe/Dublin","","","N","","Eastpoint Business Park/Alfie Byrne Road/Clontarf  Dublin 3/IRELAND"
"Haider Strasse 40","Ansfelden","","","Austria","AT","","4052","","","USER_ENTERED","","","","","","","","","POSTAL_ADDR_AT","","","","","","","","","","","","","","","","","","","","","","","","","","","","","","","","","","","","","","","","","","","","","","","","","","","","","","","","","","","","HCM_IMPL","XLE_CREATE_LE","2015/12/16 13:37:17.001","","","","2024/02/12","","","Haider Strasse 40,Ansfelden,4052 AUSTRIA,AUSTRIA","Haider Strasse 40<BR>Ansfelden<BR>4052 AUSTRIA<BR>AUSTRIA","DIRTY","","Y","","","","2015/12/16 13:40:34.157","27012C587BF6062CE053790B548CD711","HCM_IMPL","","","300000116704106","","","","","1","","A","","","","N","","Haider Strasse 40/Ansfelden/4052 AUSTRIA/AUSTRIA"
"23215","Sheikh Zayed Rd","","","Dubai","AE","","","","","USER_ENTERED","","","","","","","","","POSTAL_ADDR_AE","","","","","","","","","","","","","","","","","","","","","","","","","","","","","","","","","","","","","","","","","","","","","","","","","","","","","","","","","","","","HCM_IMPL","XLE_CREATE_LE","2015/12/16 18:08:50.124","","","","2024/02/12","","","23215,Sheikh Zayed Rd,Dubai,United Arab Emirates","23215<BR>Sheikh Zayed Rd<BR>Dubai<BR>United Arab Emirates","DIRTY","","Y","","","","2017/10/17 18:24:55.0","5BC33BD66D214D74E0538DADFD0A91D1","FUSION_APPS_CRM_ESS_APPID","","","300000116704150","","","","","1","","A","Asia/Dubai","","","N","","23215/Sheikh Zayed Rd/Dubai/United Arab Emirates"
"Oracle East Central Europe Ltd","Liivalaia 45","","","Tallinn","EE","","10145","","","USER_ENTERED","","","","","","","","","POSTAL_ADDR_EE","","","","","","","","","","","","","","","","","","","","","","","","","","","","","","","","","","","","","","","","","","","","","","","","","","","","","","","","","","","","HCM_IMPL","XLE_CREATE_LE","2015/12/18 11:32:28.001","","","","2024/02/12","","","Oracle East Central Europe Ltd,Liivalaia 45,10145 Tallinn,ESTONIA","Oracle East Central Europe Ltd<BR>Liivalaia 45<BR>10145 Tallinn<BR>ESTONIA","DIRTY","","Y","","","","2015/12/18 11:33:45.281","2727F3C181741A9FE053790B548CFFE6","HCM_IMPL","","","300000116756135","","","","","1","","A","","","","N","","Oracle East Central Europe Ltd/Liivalaia 45/10145 Tallinn/ESTONIA"
"Riga - Valdemara Center","Valdemara Kr. 21","","","Riga","LV","","LV-1010","","","USER_ENTERED","","","","","","","","","POSTAL_ADDR_DEF","","","","","","","","","","","","","","","","","","","","","","","","","","","","","","","","","","","","","","","","","","","","","","","","","","","","","","","","","","","","HCM_IMPL","XLE_CREATE_LE","2015/12/18 12:17:24.751","","","","2024/02/12","","","Riga - Valdemara Center,Valdemara Kr. 21,RIGA LV-1010,LATVIA","Riga - Valdemara Center<BR>Valdemara Kr. 21<BR>RIGA LV-1010<BR>LATVIA","DIRTY","","Y","","","","2015/12/18 12:18:13.046","2727F3C181741A9FE053790B548CFFE6","HCM_IMPL","","","300000116756166","","","","","1","","A","","","","N","","Riga - Valdemara Center/Valdemara Kr. 21/RIGA LV-1010/LATVIA"
" One South Place ","","","","London","GB","Greater London","EC2M 2RB","","England","USER_ENTERED","","","","","","","","","POSTAL_ADDR_GB","","","","","","","","","","","","","","","","","","","","","","","","","","","","","","","","","","","","","","","","","","","","","","","","","","","","","","","","","","","","FIN_IMPL","XLE_CREATE_LE","2014/07/31 19:27:33.001","","","","2024/02/12","",""," One South Place,LONDON,Greater London,EC2M 2RB,UNITED KINGDOM"," One South Place<BR>LONDON<BR>Greater London<BR>EC2M 2RB<BR>UNITED KINGDOM","DIRTY","","Y","","","","2014/08/26 16:50:16.0","01895083D90B71F8E0536204548CF30B","FUSION_APPS_CRM_ESS_APPID","","","300000079014540","","","","","1","","A","Europe/London","","","N",""," One South Place/LONDON/Greater London/EC2M 2RB/UNITED KINGDOM"
"Carrera 53a # 127a-45","","","","Bogota","CO","","","","Cundinamarca","USER_ENTERED","","","","","","","","","POSTAL_ADDR_CO","","","","","","","","","","","","","","","","","","","","","","","","","","","","","","","","","","","","","","","","","","","","","","","","","","","","","","","","","","","","BETTY.ANDERSON","XLE_CREATE_LE","2016/04/13 05:53:29.001","","","","2024/02/12","","","Carrera 53a # 127a-45,Bogota, Cundinamarca,COLOMBIA","Carrera 53a # 127a-45<BR>Bogota, Cundinamarca<BR>COLOMBIA","DIRTY","","Y","","","","2016/04/13 05:54:33.578","3057E712626540AEE053790B548C8BF8","BETTY.ANDERSON","","","300000123772400","","","","","1","","A","","","","N","","Carrera 53a # 127a-45/Bogota, Cundinamarca/COLOMBIA"
"?? ????? 8","","","","Tel Aviv","IL","","15451","","","USER_ENTERED","","","","","","","","","POSTAL_ADDR_DEF","","","","","","","","","","","","","","","","","","","","","","","","","","","","","","","","","","","","","","","","","","","","","","","","","","","","","","","","","","","","BETTY.ANDERSON","XLE_CREATE_LE","2016/04/18 12:09:59.001","","","","2024/02/12","","","?? ????? 8,TEL AVIV 15451,ISRAEL","?? ????? 8<BR>TEL AVIV 15451<BR>ISRAEL","DIRTY","","Y","","","","2016/04/18 12:10:24.486","30BC0BEECEF020E9E053790B548CF82B","BETTY.ANDERSON","","","300000124170600","","","","","1","","A","","","","N","","?? ????? 8/TEL AVIV 15451/ISRAEL"
"Bahrain World Trade Center","East Tower","Level 36","","Manama","BH","","334","","","USER_ENTERED","","","","","","","","","POSTAL_ADDR_DEF","","","","","","","","","","","","","","","","","","","","","","","","","","","","","","","","","","","","","","","","","","","","","","","","","","","","","","","","","","","","HCM_IMPL","XLE_CREATE_LE","2015/12/18 09:57:26.021","","","","2024/02/12","","","Bahrain World Trade Center,East Tower,Level 36,MANAMA 334,BAHRAIN","Bahrain World Trade Center<BR>East Tower<BR>Level 36<BR>MANAMA 334<BR>BAHRAIN","DIRTY","","Y","","","","2015/12/18 10:08:50.241","2728DA57D2DB34E6E053790B548C0D61","HCM_IMPL","","","300000116756105","","","","","1","","A","","","","N","","Bahrain World Trade Center/East Tower/Level 36/MANAMA 334/BAHRAIN"
"520 , Park Avenue,","","","","Chicago","US","","60615","","IL","USER_ENTERED","","","","","","","","","POSTAL_ADDR_US","","","","","","","","","","","","","","","","","","","","","","","","","","","","","","","","","","","","","","","","","","","","","","","","","","","","","","","","","","","","FIN_IMPL","XLE_CREATE_LE","2016/01/20 14:28:54.001","","","","2024/02/12","","","520 , Park Avenue,,CHICAGO, IL 60615","520 , Park Avenue,<BR>CHICAGO, IL 60615","DIRTY","","Y","","","","2017/05/04 15:36:03.0","4EB50174342E3B5CE053C4AEFD0A7240","FUSION_APPS_CRM_ESS_APPID","","","300000117454110","","","","","1","","A","America/Chicago","","","N","","520 , Park Avenue,/CHICAGO, IL 60615"
"86, Albany Street","","","","London","GB","Greater London","NW3 7RT","","England","USER_ENTERED","","","","","","","","","POSTAL_ADDR_GB","","","","","","","","","","","","","","","","","","","","","","","","","","","","","","","","","","","","","","","","","","","","","","","","","","","","","","","","","","","","FIN_IMPL","XLE_CREATE_LE","2016/01/20 14:37:11.96","","","","2024/02/12","","","86, Albany Street,LONDON,Greater London,NW3 7RT,UNITED KINGDOM","86, Albany Street<BR>LONDON<BR>Greater London<BR>NW3 7RT<BR>UNITED KINGDOM","DIRTY","","Y","","","","2017/10/17 16:48:17.0","5BBAAB46F3A32BB3E0538DADFD0A6B9E","FUSION_APPS_CRM_ESS_APPID","","","300000117454111","","","","","1","","A","Europe/London","","","N","","86, Albany Street/LONDON/Greater London/NW3 7RT/UNITED KINGDOM"
"Vitacura 2939, piso 6","","","","Santiago","CL","","13101","","","USER_ENTERED","","","","","","","","","POSTAL_ADDR_CL","","","","","","","","","","","","","","","","","","","","","","","","","","","","","","","","","","","","","","","","","","","","","","","","","","","","","","","","","","","","BETTY.ANDERSON","XLE_CREATE_LE","2016/04/12 03:18:41.019","","","","2024/02/12","","","Vitacura 2939, piso 6,13101 SANTIAGO,CHILE","Vitacura 2939, piso 6<BR>13101 SANTIAGO<BR>CHILE","DIRTY","","Y","","","","2016/04/12 03:19:16.708","304207F4507F3210E053790B548C1C9F","BETTY.ANDERSON","","","300000123648397","","","","","1","","A","","","","N","","Vitacura 2939, piso 6/13101 SANTIAGO/CHILE"
"115 Nguy?n Hu?","Qu?n 1","","","Sài Gòn","VN","","70000","","","USER_ENTERED","","","","","","","","","POSTAL_ADDR_DEF","","","","","","","","","","","","","","","","","","","","","","","","","","","","","","","","","","","","","","","","","","","","","","","","","","","","","","","","","","","","BETTY.ANDERSON","XLE_CREATE_LE","2016/04/19 08:17:10.001","","","","2024/02/12","","","115 Nguy?n Hu?,Qu?n 1,SÀI GÒN 70000,VIET NAM","115 Nguy?n Hu?<BR>Qu?n 1<BR>SÀI GÒN 70000<BR>VIET NAM","DIRTY","","Y","","","","2016/04/19 08:17:44.501","30D30E887969691FE053790B548C2E3B","BETTY.ANDERSON","","","300000126296522","","","","","1","","A","","","","N","","115 Nguy?n Hu?/Qu?n 1/SÀI GÒN 70000/VIET NAM"
"PO Box 64088","Shuwaikh Industrial Area","Street 12","","Kuwait","KW","","70451","","Kuwait","USER_ENTERED","","","","","","","","","POSTAL_ADDR_DEF","","","","","","","","","","","","","","","","","","","","","","","","","","","","","","","","","","","","","","","","","","","","","","","","","","","","","","","","","","","","HCM_IMPL","XLE_CREATE_LE","2015/12/14 09:49:46.001","","","","2024/02/12","","","PO Box 64088,Shuwaikh Industrial Area,Street 12,KUWAIT KUWAIT 70451,KUWAIT","PO Box 64088<BR>Shuwaikh Industrial Area<BR>Street 12<BR>KUWAIT KUWAIT 70451<BR>KUWAIT","DIRTY","","Y","","","","2015/12/14 09:59:13.217","26D6D8D7065304A6E053790B548C4D59","HCM_IMPL","","","300000116628106","","","","","1","","A","Asia/Kuwait","","","N","","PO Box 64088/Shuwaikh Industrial Area/Street 12/KUWAIT KUWAIT 70451/KUWAIT"
"Rua Dom João V nº 24","","","","Lisboa","PT","","1250-091","","Portugal","USER_ENTERED","","","","","","","","","POSTAL_ADDR_DEF","","","","","","","","","","","","","","","","","","","","","","","","","","","","","","","","","","","","","","","","","","","","","","","","","","","","","","","","","","","","BETTY.ANDERSON","XLE_CREATE_LE","2016/04/13 10:06:39.001","","","","2024/02/12","","","Rua Dom João V nº 24,LISBOA PORTUGAL 1250-091,PORTUGAL","Rua Dom João V nº 24<BR>LISBOA PORTUGAL 1250-091<BR>PORTUGAL","DIRTY","","Y","","","","2017/10/17 16:54:10.0","5BBAAB46F3BE2BB3E0538DADFD0A6B9E","FUSION_APPS_CRM_ESS_APPID","","","300000123784401","","","","","1","","A","","","","N","","Rua Dom João V nº 24/LISBOA PORTUGAL 1250-091/PORTUGAL"
"334 Rivonia Avenue","Sandton","","","Johannesburg","ZA","","2000","","","USER_ENTERED","","Gauteng","","","","","","","POSTAL_ADDR_ZA","","","","","","","","","","","","","","","","","","","","","","","","","","","","","","","","","","","","","","","","","","","","","","","","","","","","","","","","","","","","BETTY.ANDERSON","XLE_CREATE_LE","2016/04/13 11:28:44.001","","","","2024/02/12","","","334 Rivonia Avenue,Sandton,Gauteng,JOHANNESBURG,2000,SOUTH AFRICA","334 Rivonia Avenue<BR>Sandton<BR>Gauteng<BR>JOHANNESBURG<BR>2000<BR>SOUTH AFRICA","DIRTY","","Y","","","","2017/10/17 18:25:28.0","5BC338AD04134B99E0538DADFD0A2595","FUSION_APPS_CRM_ESS_APPID","","","300000123784438","","","","","1","","A","","","","N","","334 Rivonia Avenue/Sandton/Gauteng/JOHANNESBURG/2000/SOUTH AFRICA"
"162 Victoria Street West","","","","Auckland ","NZ","","1010","","","USER_ENTERED","","","","","","","","","POSTAL_ADDR_NZ","","","","","","","","","","","","","","","","","","","","","","","","","","","","","","","","","","","","","","","","","","","","","","","","","","","","","","","","","","","","HCM_IMPL","XLE_CREATE_LE","2015/06/05 13:47:57.001","","","","2024/02/12","","","162 Victoria Street West,Auckland  1010,NEW ZEALAND","162 Victoria Street West<BR>Auckland  1010<BR>NEW ZEALAND","DIRTY","","Y","","","","2015/06/05 13:48:53.407","17ACF1B2D12D368DE0536204548C26B3","HCM_IMPL","","","300000103056127","","","","","1","","A","Pacific/Auckland","","","N","","162 Victoria Street West/Auckland  1010/NEW ZEALAND"
"Metalbuen 66","","","","Ballerup","DK","","2750","","","USER_ENTERED","","","","","","","","","POSTAL_ADDR_DK","","","","","","","","","","","","","","","","","","","","","","","","","","","","","","","","","","","","","","","","","","","","","","","","","","","","","","","","","","","","HCM_IMPL","XLE_CREATE_LE","2015/06/09 10:56:20.001","","","","2024/02/12","","","Metalbuen 66,2750,Ballerup,DK","Metalbuen 66<BR>2750<BR>Ballerup<BR>DK","DIRTY","","Y","","","","2015/06/09 10:59:38.766","1812D363E0EF02C0E0536204548CFB43","HCM_IMPL","","","300000105445130","","","","","1","","A","Europe/Copenhagen","","","N","","Metalbuen 66/2750/Ballerup/DK"
"Meierhofstrasse 15","","","","Triesen","LI","","9495","","","USER_ENTERED","","","","","","","","","POSTAL_ADDR_DEF","","","","","","","","","","","","","","","","","","","","","","","","","","","","","","","","","","","","","","","","","","","","","","","","","","","","","","","","","","","","HCM_IMPL","XLE_CREATE_LE","2015/12/18 14:59:48.001","","","","2024/02/12","","","Meierhofstrasse 15,TRIESEN 9495,LIECHTENSTEIN","Meierhofstrasse 15<BR>TRIESEN 9495<BR>LIECHTENSTEIN","DIRTY","","Y","","","","2015/12/18 15:00:55.258","272CD8B92DD54D87E053790B548CEB82","HCM_IMPL","","","300000116756195","","","","","1","","A","","","","N","","Meierhofstrasse 15/TRIESEN 9495/LIECHTENSTEIN"
"P.O. Box 46 PC 124","Bldg. 3","Ground floor","","Rusayl- Muscat","OM","","119","","","USER_ENTERED","","","","","","","","","POSTAL_ADDR_DEF","","","","","","","","","","","","","","","","","","","","","","","","","","","","","","","","","","","","","","","","","","","","","","","","","","","","","","","","","","","","HCM_IMPL","XLE_CREATE_LE","2015/12/18 15:51:11.001","","","","2024/02/12","","","P.O. Box 46 PC 124,Bldg. 3,Ground floor,RUSAYL- MUSCAT 119,OMAN","P.O. Box 46 PC 124<BR>Bldg. 3<BR>Ground floor<BR>RUSAYL- MUSCAT 119<BR>OMAN","DIRTY","","Y","","","","2015/12/18 15:53:50.458","272CD8B92DD54D87E053790B548CEB82","HCM_IMPL","","","300000116756251","","","","","1","","A","","","","N","","P.O. Box 46 PC 124/Bldg. 3/Ground floor/RUSAYL- MUSCAT 119/OMAN"
"Level 23","The Garden North Tower","","","Mid Valley City","MY","","59200","","Kuala Lumpur","USER_ENTERED","","","","","","","","","POSTAL_ADDR_MY","","","","","","","","","","","","","","","","","","","","","","","","","","","","","","","","","","","","","","","","","","","","","","","","","","","","","","","","","","","","HCM_IMPL","XLE_CREATE_LE","2015/06/15 10:07:51.001","","","","2024/02/12","","","Level 23,The Garden North Tower,59200 MID VALLEY CITY, KUALA LUMPUR,MALAYSIA","Level 23<BR>The Garden North Tower<BR>59200 MID VALLEY CITY, KUALA LUMPUR<BR>MALAYSIA","DIRTY","","Y","","","","2015/07/09 18:43:36.0","1A71E7D538B443E6E0536204548C5B0E","FUSION_APPS_CRM_ESS_APPID","","","300000105720163","","","","","1","","A","Asia/Kuala_Lumpur","","","N","","Level 23/The Garden North Tower/59200 MID VALLEY CITY, KUALA LUMPUR/MALAYSIA"
"89B, rue Pafebruch","Westside Village","Building B","","Capellen","LU","","L-8308","","","USER_ENTERED","","","","","","","","","POSTAL_ADDR_N_EUR","","","","","","","","","","","","","","","","","","","","","","","","","","","","","","","","","","","","","","","","","","","","","","","","","","","","","","","","","","","","BETTY.ANDERSON","XLE_CREATE_LE","2016/04/19 06:03:40.001","","","","2024/02/12","","","89B, rue Pafebruch,Westside Village,Building B,L-L-8308 Capellen","89B, rue Pafebruch<BR>Westside Village<BR>Building B<BR>L-L-8308 Capellen","DIRTY","","Y","","","","2016/04/19 06:04:16.624","30D0218C3BEE43B6E053790B548C06D8","BETTY.ANDERSON","","","300000126296406","","","","","1","","A","","","","N","","89B, rue Pafebruch/Westside Village/Building B/L-L-8308 Capellen"
"U1906 Orient Triangle Bldg","Emerald Ave corner Julia Vargas","Ortigas Center","","Pasig City","PH","","1605","","","USER_ENTERED","","","","","","","","","POSTAL_ADDR_DEF","","","","","","","","","","","","","","","","","","","","","","","","","","","","","","","","","","","","","","","","","","","","","","","","","","","","","","","","","","","","BETTY.ANDERSON","XLE_CREATE_LE","2016/04/19 06:20:02.001","","","","2024/02/12","","","U1906 Orient Triangle Bldg,Emerald Ave corner Julia Vargas,Ortigas Center,PASIG CITY 1605,PHILIPPINES","U1906 Orient Triangle Bldg<BR>Emerald Ave corner Julia Vargas<BR>Ortigas Center<BR>PASIG CITY 1605<BR>PHILIPPINES","DIRTY","","Y","","","","2016/04/19 06:20:32.557","30D14D08F1B94AFBE053790B548C2F78","BETTY.ANDERSON","","","300000126296436","","","","","1","","A","","","","N","","U1906 Orient Triangle Bldg/Emerald Ave corner Julia Vargas/Ortigas Center/PASIG CITY 1605/PHILIPPINES"
"55-C, Main Jinnah Avenue","Blue Area","","","Islamabad","PK","","44000","","","USER_ENTERED","","","","","","","","","POSTAL_ADDR_DEF","","","","","","","","","","","","","","","","","","","","","","","","","","","","","","","","","","","","","","","","","","","","","","","","","","","","","","","","","","","","BETTY.ANDERSON","XLE_CREATE_LE","2016/04/19 08:28:03.0","","","","2024/02/12","","","55-C, Main Jinnah Avenue,Blue Area,ISLAMABAD 44000,PAKISTAN","55-C, Main Jinnah Avenue<BR>Blue Area<BR>ISLAMABAD 44000<BR>PAKISTAN","DIRTY","","Y","","","","2016/04/19 08:28:57.455","30D30E887969691FE053790B548C2E3B","BETTY.ANDERSON","","","300000126296551","","","","","1","","A","","","","N","","55-C, Main Jinnah Avenue/Blue Area/ISLAMABAD 44000/PAKISTAN"
"1170 MAPLE ST","","","","REDWOOD CITY","US","SAN MATEO","94063","","CA","USER_ENTERED","","","","","","","","","POSTAL_ADDR_US","","","","","","","","","","","","","","","","","","","","","","","","","","","","","","","","","","","","","","","","","","","","","","","","","","","","","","","","","","","","FIN_IMPL","XLE_CREATE_LE","2014/07/30 21:46:25.006","2015/08/18","","","2024/02/12","","","1170 MAPLE ST,REDWOOD CITY, CA 94063 SAN MATEO","1170 MAPLE ST<BR>REDWOOD CITY, CA 94063 SAN MATEO","DIRTY","","Y","","","","2015/08/21 16:54:33.0","1DD1B1DBC5ED7A18E0536204548C314E","FUSION_APPS_CRM_ESS_APPID","","","300000078941539","","2047","","","1","","A","America/Los_Angeles","","","Y","CLEANSED","1170 MAPLE ST/REDWOOD CITY, CA 94063 SAN MATEO"
"1 Do Not Use","","","","Reston","US","","20190","","VA","USER_ENTERED","","","","","","","","","","","","","","","","","","","","","","","","","","","","","","","","","","","","","","","","","","","","","","","","","","","","","","","","","","","","","","","","","","","","","HCM_IMPL","XLE_CREATE_LE","2014/06/24 19:52:41.001","2015/08/18","","","2024/02/12","","","1 Do Not Use,RESTON, VA 20190","1 Do Not Use<BR>RESTON, VA 20190","DIRTY","","Y","","","","2015/08/18 15:53:25.512","1D98B67B15DB3F0EE0536204548C3ED3","FUSION_APPS_CRM_ESS_APPID","","","300000076125544","","","","","1","","A","America/New_York","","","N","SKIPPED","1 Do Not Use/RESTON, VA 20190"
"Medialaan ","50/A","","","Vilvoorde","BE","","1800","","","USER_ENTERED","","","","","","","","","POSTAL_ADDR_BE","","","","","","","","","","","","","","","","","","","","","","","","","","","","","","","","","","","","","","","","","","","","","","","","","","","","","","","","","","","","HCM_IMPL","XLE_CREATE_LE","2015/06/12 11:34:21.001","","","","2024/02/12","","","Medialaan,50/A,1800 VILVOORDE,BELGIUM","Medialaan<BR>50/A<BR>1800 VILVOORDE<BR>BELGIUM","DIRTY","","Y","","","","2015/07/09 18:43:36.0","1A71E7D538B443E6E0536204548C5B0E","FUSION_APPS_CRM_ESS_APPID","","","300000105620153","","","","","1","","A","Europe/Brussels","","","N","","Medialaan/50/A/1800 VILVOORDE/BELGIUM"
"Kasernenstrasse 29","","","","Zurich","CH","","8004","","","USER_ENTERED","","","","","","","","","POSTAL_ADDR_CH","","","","","","","","","","","","","","","","","","","","","","","","","","","","","","","","","","","","","","","","","","","","","","","","","","","","","","","","","","","","HCM_IMPL","XLE_CREATE_LE","2015/06/12 14:32:26.0","","","","2024/02/12","","","Kasernenstrasse 29,8004 ZURICH,SWITZERLAND","Kasernenstrasse 29<BR>8004 ZURICH<BR>SWITZERLAND","DIRTY","","Y","","","","2015/07/09 18:43:36.0","1A71E7D538B443E6E0536204548C5B0E","FUSION_APPS_CRM_ESS_APPID","","","300000105620172","","","","","1","","A","Europe/Zurich","","","N","","Kasernenstrasse 29/8004 ZURICH/SWITZERLAND"
"Mechnykova St.","2","","","Kyiv","UA","","01601","","","USER_ENTERED","","","","","","","","","POSTAL_ADDR_UA","","","","","","","","","","","","","","","","","","","","","","","","","","","","","","","","","","","","","","","","","","","","","","","","","","","","","","","","","","","","HCM_IMPL","XLE_CREATE_LE","2015/06/15 10:48:14.001","","","","2024/02/12","","","Mechnykova St.,2,Kyiv,01601,UA","Mechnykova St.<BR>2<BR>Kyiv<BR>01601<BR>UA","DIRTY","","Y","","","","2015/06/15 10:49:47.653","188C7EA950CF1FC6E0536204548C5B09","HCM_IMPL","","","300000105720216","","","","","1","","A","Europe/Kiev","","","N","","Mechnykova St./2/Kyiv/01601/UA"
